constituency_number,constituency_name,constituency_name_ta,district,parliamentary_constituency,is_reserved,reservation_type,region,population,area_sq_km,urbanization_type,infant_mortality_rate,under5_mortality_rate,institutional_delivery_pct,child_stunting_pct,child_wasting_pct,full_immunization_pct,anaemia_women_pct,literacy_rate_pct,male_literacy_rate_pct,female_literacy_rate_pct,literacy_gender_gap_pct,secondary_education_pct,graduate_and_above_pct,per_capita_income_inr,bpl_households_pct,unemployment_rate_pct,agricultural_workers_pct,banking_access_pct,crime_rate_per_lakh,crimes_against_women_per_lakh,crimes_against_sc_st_per_lakh,pucca_housing_pct,tap_water_pct,electricity_pct,sanitation_pct,total_electors_2021,votes_polled_2021,voter_turnout_pct_2021,total_candidates_2021,winning_party_2021,winning_candidate_2021,victory_margin_2021,victory_margin_pct_2021,runner_up_party_2021,nota_votes_2021,nota_pct_2021,data_granularity
1,GUMMIDIPOONDI,,THIRUVALLUR,TIRUVALLUR,FALSE,General,Northern TN,,,,16,20,99.5,16.5,14.8,83.5,48.2,82.88,89.12,76.52,12.60,46.5,14.2,195234,18.2,,15.8,72.5,258.5,22.8,5.5,78.2,52.5,98.2,62.5,,,,12,,,,,,,,district
2,PONNERI,,THIRUVALLUR,TIRUVALLUR,TRUE,SC,Northern TN,,,,16,20,99.5,16.5,14.8,83.5,48.2,82.88,89.12,76.52,12.60,46.5,14.2,195234,18.2,,15.8,72.5,258.5,22.8,5.5,78.2,52.5,98.2,62.5,,,,9,,,,,,,,district
3,TIRUTTANI,,THIRUVALLUR,ARAKKONAM,FALSE,General,Northern TN,,,,16,20,99.5,16.5,14.8,83.5,48.2,82.88,89.12,76.52,12.60,46.5,14.2,195234,18.2,,15.8,72.5,258.5,22.8,5.5,78.2,52.5,98.2,62.5,,,,13,,,,,,,,district
4,THIRUVALLUR,,THIRUVALLUR,TIRUVALLUR,FALSE,General,Northern TN,,,,16,20,99.5,16.5,14.8,83.5,48.2,82.88,89.12,76.52,12.60,46.5,14.2,195234,18.2,,15.8,72.5,258.5,22.8,5.5,78.2,52.5,98.2,62.5,,,,11,,,,,,,,district
5,POONAMALLEE,,THIRUVALLUR,TIRUVALLUR,TRUE,SC,Northern TN,,,,16,20,99.5,16.5,14.8,83.5,48.2,82.88,89.12,76.52,12.60,46.5,14.2,195234,18.2,,15.8,72.5,258.5,22.8,5.5,78.2,52.5,98.2,62.5,,,,14,,,,,,,,district
6,AVADI,,THIRUVALLUR,TIRUVALLUR,FALSE,General,Northern TN,,,,16,20,99.5,16.5,14.8,83.5,48.2,82.88,89.12,76.52,12.60,46.5,14.2,195234,18.2,,15.8,72.5,258.5,22.8,5.5,78.2,52.5,98.2,62.5,,,,20,,,,,,,,district
7,MADURAVOYAL,,THIRUVALLUR,SRIPERUMBUDUR,FALSE,General,Northern TN,,,,16,20,99.5,16.5,14.8,83.5,48.2,82.88,89.12,76.52,12.60,46.5,14.2,195234,18.2,,15.8,72.5,258.5,22.8,5.5,78.2,52.5,98.2,62.5,,,,20,,,,,,,,district
8,AMBATTUR,,THIRUVALLUR,SRIPERUMBUDUR,FALSE,General,Northern TN,,,,16,20,99.5,16.5,14.8,83.5,48.2,82.88,89.12,76.52,12.60,46.5,14.2,195234,18.2,,15.8,72.5,258.5,22.8,5.5,78.2,52.5,98.2,62.5,,,,17,,,,,,,,district
9,MADAVARAM,,THIRUVALLUR,TIRUVALLUR,FALSE,General,Northern TN,,,,16,20,99.5,16.5,14.8,83.5,48.2,82.88,89.12,76.52,12.60,46.5,14.2,195234,18.2,,15.8,72.5,258.5,22.8,5.5,78.2,52.5,98.2,62.5,,,,20,,,,,,,,district
10,TIRUVOTTIYUR,,THIRUVALLUR,CHENNAI NORTH,FALSE,General,Northern TN,,,,16,20,99.5,16.5,14.8,83.5,48.2,82.88,89.12,76.52,12.60,46.5,14.2,195234,18.2,,15.8,72.5,258.5,22.8,5.5,78.2,52.5,98.2,62.5,,,,20,,,,,,,,district
11,DR.RADHAKRISHNAN NAGA,,CHENNAI,CHENNAI NORTH,FALSE,General,Chennai,,,,12,15,99.8,14.8,13.2,88.1,45.2,90.33,93.74,86.78,6.96,58.7,25.3,301256,8.2,,1.2,89.5,385.2,35.8,3.2,92.1,78.5,99.5,82.5,,,,31,,,,,,,,district
12,PERAMBUR,,CHENNAI,CHENNAI NORTH,FALSE,General,Chennai,,,,12,15,99.8,14.8,13.2,88.1,45.2,90.33,93.74,86.78,6.96,58.7,25.3,301256,8.2,,1.2,89.5,385.2,35.8,3.2,92.1,78.5,99.5,82.5,,,,22,,,,,,,,district
13,KOLATHUR,,CHENNAI,CHENNAI NORTH,FALSE,General,Chennai,,,,12,15,99.8,14.8,13.2,88.1,45.2,90.33,93.74,86.78,6.96,58.7,25.3,301256,8.2,,1.2,89.5,385.2,35.8,3.2,92.1,78.5,99.5,82.5,,,,36,,,,,,,,district
14,VILLIVAKKAM,,CHENNAI,CHENNAI CENTRAL,FALSE,General,Chennai,,,,12,15,99.8,14.8,13.2,88.1,45.2,90.33,93.74,86.78,6.96,58.7,25.3,301256,8.2,,1.2,89.5,385.2,35.8,3.2,92.1,78.5,99.5,82.5,,,,23,,,,,,,,district
15,THIRU-VI-KA-NAGAR,,CHENNAI,CHENNAI NORTH,TRUE,SC,Chennai,,,,12,15,99.8,14.8,13.2,88.1,45.2,90.33,93.74,86.78,6.96,58.7,25.3,301256,8.2,,1.2,89.5,385.2,35.8,3.2,92.1,78.5,99.5,82.5,,,,23,,,,,,,,district
16,EGMORE,,CHENNAI,CHENNAI CENTRAL,TRUE,SC,Chennai,,,,12,15,99.8,14.8,13.2,88.1,45.2,90.33,93.74,86.78,6.96,58.7,25.3,301256,8.2,,1.2,89.5,385.2,35.8,3.2,92.1,78.5,99.5,82.5,,,,18,,,,,,,,district
17,ROYAPURAM,,CHENNAI,CHENNAI NORTH,FALSE,General,Chennai,,,,12,15,99.8,14.8,13.2,88.1,45.2,90.33,93.74,86.78,6.96,58.7,25.3,301256,8.2,,1.2,89.5,385.2,35.8,3.2,92.1,78.5,99.5,82.5,,,,24,,,,,,,,district
18,HARBOUR,,CHENNAI,CHENNAI CENTRAL,FALSE,General,Chennai,,,,12,15,99.8,14.8,13.2,88.1,45.2,90.33,93.74,86.78,6.96,58.7,25.3,301256,8.2,,1.2,89.5,385.2,35.8,3.2,92.1,78.5,99.5,82.5,,,,28,,,,,,,,district
19,CHEPAUK-THIRUVALLIKEN,,CHENNAI,CHENNAI CENTRAL,FALSE,General,Chennai,,,,12,15,99.8,14.8,13.2,88.1,45.2,90.33,93.74,86.78,6.96,58.7,25.3,301256,8.2,,1.2,89.5,385.2,35.8,3.2,92.1,78.5,99.5,82.5,,,,19,,,,,,,,district
20,THOUSAND LIGHTS,,CHENNAI,CHENNAI CENTRAL,FALSE,General,Chennai,,,,12,15,99.8,14.8,13.2,88.1,45.2,90.33,93.74,86.78,6.96,58.7,25.3,301256,8.2,,1.2,89.5,385.2,35.8,3.2,92.1,78.5,99.5,82.5,,,,20,,,,,,,,district
21,ANNA NAGAR,,CHENNAI,CHENNAI CENTRAL,FALSE,General,Chennai,,,,12,15,99.8,14.8,13.2,88.1,45.2,90.33,93.74,86.78,6.96,58.7,25.3,301256,8.2,,1.2,89.5,385.2,35.8,3.2,92.1,78.5,99.5,82.5,,,,23,,,,,,,,district
22,VIRUGAMPAKKAM,,CHENNAI,CHENNAI SOUTH,FALSE,General,Chennai,,,,12,15,99.8,14.8,13.2,88.1,45.2,90.33,93.74,86.78,6.96,58.7,25.3,301256,8.2,,1.2,89.5,385.2,35.8,3.2,92.1,78.5,99.5,82.5,,,,26,,,,,,,,district
23,SAIDAPET,,CHENNAI,CHENNAI SOUTH,FALSE,General,Chennai,,,,12,15,99.8,14.8,13.2,88.1,45.2,90.33,93.74,86.78,6.96,58.7,25.3,301256,8.2,,1.2,89.5,385.2,35.8,3.2,92.1,78.5,99.5,82.5,,,,29,,,,,,,,district
24,THIYAGARAYANAGAR,,CHENNAI,CHENNAI SOUTH,FALSE,General,Chennai,,,,12,15,99.8,14.8,13.2,88.1,45.2,90.33,93.74,86.78,6.96,58.7,25.3,301256,8.2,,1.2,89.5,385.2,35.8,3.2,92.1,78.5,99.5,82.5,,,,14,,,,,,,,district
25,MYLAPORE,,CHENNAI,CHENNAI SOUTH,FALSE,General,Chennai,,,,12,15,99.8,14.8,13.2,88.1,45.2,90.33,93.74,86.78,6.96,58.7,25.3,301256,8.2,,1.2,89.5,385.2,35.8,3.2,92.1,78.5,99.5,82.5,,,,21,,,,,,,,district
26,VELACHERY,,CHENNAI,CHENNAI SOUTH,FALSE,General,Chennai,,,,12,15,99.8,14.8,13.2,88.1,45.2,90.33,93.74,86.78,6.96,58.7,25.3,301256,8.2,,1.2,89.5,385.2,35.8,3.2,92.1,78.5,99.5,82.5,,,,21,,,,,,,,district
27,SHOZHINGANALLUR,,CHENGALPATTU,CHENNAI SOUTH,FALSE,General,Northern TN,,,,18,22,99.5,17.2,15.1,82.5,48.3,84.23,89.71,78.62,11.09,48.3,15.2,198534,18.5,,15.3,72.8,265.3,22.5,5.3,78.5,52.1,98.2,62.3,,,,25,,,,,,,,district
28,ALANDUR,,KANCHEEPURAM,SRIPERUMBUDUR,FALSE,General,Northern TN,,,,16,20,99.5,16.2,14.5,84.2,47.5,85.29,90.82,79.63,11.19,49.5,16.5,215834,16.8,,12.5,75.2,275.8,25.3,4.8,80.2,55.8,98.5,65.8,,,,22,,,,,,,,district
29,SRIPERUMBUDUR,,KANCHEEPURAM,SRIPERUMBUDUR,TRUE,SC,Northern TN,,,,16,20,99.5,16.2,14.5,84.2,47.5,85.29,90.82,79.63,11.19,49.5,16.5,215834,16.8,,12.5,75.2,275.8,25.3,4.8,80.2,55.8,98.5,65.8,,,,15,,,,,,,,district
30,PALLAVARAM,,CHENGALPATTU,SRIPERUMBUDUR,FALSE,General,Northern TN,,,,18,22,99.5,17.2,15.1,82.5,48.3,84.23,89.71,78.62,11.09,48.3,15.2,198534,18.5,,15.3,72.8,265.3,22.5,5.3,78.5,52.1,98.2,62.3,,,,22,,,,,,,,district
31,TAMBARAM,,CHENGALPATTU,SRIPERUMBUDUR,FALSE,General,Northern TN,,,,18,22,99.5,17.2,15.1,82.5,48.3,84.23,89.71,78.62,11.09,48.3,15.2,198534,18.5,,15.3,72.8,265.3,22.5,5.3,78.5,52.1,98.2,62.3,,,,22,,,,,,,,district
32,CHENGALPATTU,,CHENGALPATTU,KANCHEEPURAM,FALSE,General,Northern TN,,,,18,22,99.5,17.2,15.1,82.5,48.3,84.23,89.71,78.62,11.09,48.3,15.2,198534,18.5,,15.3,72.8,265.3,22.5,5.3,78.5,52.1,98.2,62.3,,,,12,,,,,,,,district
33,THIRUPORUR,,CHENGALPATTU,KANCHEEPURAM,FALSE,General,Northern TN,,,,18,22,99.5,17.2,15.1,82.5,48.3,84.23,89.71,78.62,11.09,48.3,15.2,198534,18.5,,15.3,72.8,265.3,22.5,5.3,78.5,52.1,98.2,62.3,,,,11,,,,,,,,district
34,CHEYYUR,,CHENGALPATTU,KANCHEEPURAM,TRUE,SC,Northern TN,,,,18,22,99.5,17.2,15.1,82.5,48.3,84.23,89.71,78.62,11.09,48.3,15.2,198534,18.5,,15.3,72.8,265.3,22.5,5.3,78.5,52.1,98.2,62.3,,,,9,,,,,,,,district
35,MADURANTAKAM,,CHENGALPATTU,KANCHEEPURAM,TRUE,SC,Northern TN,,,,18,22,99.5,17.2,15.1,82.5,48.3,84.23,89.71,78.62,11.09,48.3,15.2,198534,18.5,,15.3,72.8,265.3,22.5,5.3,78.5,52.1,98.2,62.3,,,,10,,,,,,,,district
36,UTHIRAMERUR,,KANCHEEPURAM,KANCHEEPURAM,FALSE,General,Northern TN,,,,16,20,99.5,16.2,14.5,84.2,47.5,85.29,90.82,79.63,11.19,49.5,16.5,215834,16.8,,12.5,75.2,275.8,25.3,4.8,80.2,55.8,98.5,65.8,,,,19,,,,,,,,district
37,KANCHEEPURAM,,KANCHEEPURAM,KANCHEEPURAM,FALSE,General,Northern TN,,,,16,20,99.5,16.2,14.5,84.2,47.5,85.29,90.82,79.63,11.19,49.5,16.5,215834,16.8,,12.5,75.2,275.8,25.3,4.8,80.2,55.8,98.5,65.8,,,,15,,,,,,,,district
38,ARAKKONAM,,RANIPET,ARAKKONAM,TRUE,SC,Northern TN,,,,20,25,99.2,18.8,16.2,81.2,50.8,74.88,83.42,66.22,17.20,38.5,9.2,135234,25.8,,32.5,62.5,215.2,18.5,7.8,68.5,42.5,96.5,45.8,,,,13,,,,,,,,district
39,SHOLINGUR,,RANIPET,ARAKKONAM,FALSE,General,Northern TN,,,,20,25,99.2,18.8,16.2,81.2,50.8,74.88,83.42,66.22,17.20,38.5,9.2,135234,25.8,,32.5,62.5,215.2,18.5,7.8,68.5,42.5,96.5,45.8,,,,18,,,,,,,,district
40,KATPADI,,VELLORE,ARAKKONAM,FALSE,General,Northern TN,,,,22,27,99.0,20.2,17.2,79.5,52.5,76.82,85.42,68.12,17.30,38.2,9.2,125634,28.5,,32.5,62.5,205.5,18.2,7.8,68.2,42.8,96.2,42.5,,,,14,,,,,,,,district
41,RANIPET,,RANIPET,ARAKKONAM,FALSE,General,Northern TN,,,,20,25,99.2,18.8,16.2,81.2,50.8,74.88,83.42,66.22,17.20,38.5,9.2,135234,25.8,,32.5,62.5,215.2,18.5,7.8,68.5,42.5,96.5,45.8,,,,13,,,,,,,,district
42,ARCOT,,RANIPET,ARAKKONAM,FALSE,General,Northern TN,,,,20,25,99.2,18.8,16.2,81.2,50.8,74.88,83.42,66.22,17.20,38.5,9.2,135234,25.8,,32.5,62.5,215.2,18.5,7.8,68.5,42.5,96.5,45.8,,,,12,,,,,,,,district
43,VELLORE,,VELLORE,VELLORE,FALSE,General,Northern TN,,,,22,27,99.0,20.2,17.2,79.5,52.5,76.82,85.42,68.12,17.30,38.2,9.2,125634,28.5,,32.5,62.5,205.5,18.2,7.8,68.2,42.8,96.2,42.5,,,,16,,,,,,,,district
44,ANAIKATTU,,VELLORE,VELLORE,FALSE,General,Northern TN,,,,22,27,99.0,20.2,17.2,79.5,52.5,76.82,85.42,68.12,17.30,38.2,9.2,125634,28.5,,32.5,62.5,205.5,18.2,7.8,68.2,42.8,96.2,42.5,,,,13,,,,,,,,district
45,KILVAITHINANKUPPAM,,VELLORE,VELLORE,TRUE,SC,Northern TN,,,,22,27,99.0,20.2,17.2,79.5,52.5,76.82,85.42,68.12,17.30,38.2,9.2,125634,28.5,,32.5,62.5,205.5,18.2,7.8,68.2,42.8,96.2,42.5,,,,10,,,,,,,,district
46,GUDIYATTAM,,VELLORE,VELLORE,TRUE,SC,Northern TN,,,,22,27,99.0,20.2,17.2,79.5,52.5,76.82,85.42,68.12,17.30,38.2,9.2,125634,28.5,,32.5,62.5,205.5,18.2,7.8,68.2,42.8,96.2,42.5,,,,15,,,,,,,,district
47,VANIYAMBADI,,TIRUPATHUR,VELLORE,FALSE,General,Northern TN,,,,24,30,98.8,22.2,18.5,76.2,55.5,70.54,80.25,60.72,19.53,32.5,6.2,105234,35.8,,42.5,52.8,185.2,14.5,9.5,58.5,32.8,93.8,28.8,,,,13,,,,,,,,district
48,AMBUR,,TIRUPATHUR,VELLORE,FALSE,General,Northern TN,,,,24,30,98.8,22.2,18.5,76.2,55.5,70.54,80.25,60.72,19.53,32.5,6.2,105234,35.8,,42.5,52.8,185.2,14.5,9.5,58.5,32.8,93.8,28.8,,,,13,,,,,,,,district
49,JOLARPET,,TIRUPATHUR,TIRUVANNAMALAI,FALSE,General,Northern TN,,,,24,30,98.8,22.2,18.5,76.2,55.5,70.54,80.25,60.72,19.53,32.5,6.2,105234,35.8,,42.5,52.8,185.2,14.5,9.5,58.5,32.8,93.8,28.8,,,,12,,,,,,,,district
50,TIRUPATTUR,,TIRUPATHUR,TIRUVANNAMALAI,FALSE,General,Northern TN,,,,24,30,98.8,22.2,18.5,76.2,55.5,70.54,80.25,60.72,19.53,32.5,6.2,105234,35.8,,42.5,52.8,185.2,14.5,9.5,58.5,32.8,93.8,28.8,,,,15,,,,,,,,district
51,UTHANGARAI,,KRISHNAGIRI,KRISHNAGIRI,TRUE,SC,Western TN,,,,25,31,98.5,23.2,19.5,74.5,56.5,68.54,78.83,58.05,20.78,30.2,5.8,105234,38.8,,48.5,52.5,175.2,14.2,10.8,55.2,30.5,93.5,25.8,,,,12,,,,,,,,district
52,BARGUR,,KRISHNAGIRI,KRISHNAGIRI,FALSE,General,Western TN,,,,25,31,98.5,23.2,19.5,74.5,56.5,68.54,78.83,58.05,20.78,30.2,5.8,105234,38.8,,48.5,52.5,175.2,14.2,10.8,55.2,30.5,93.5,25.8,,,,14,,,,,,,,district
53,KRISHNAGIRI,,KRISHNAGIRI,KRISHNAGIRI,FALSE,General,Western TN,,,,25,31,98.5,23.2,19.5,74.5,56.5,68.54,78.83,58.05,20.78,30.2,5.8,105234,38.8,,48.5,52.5,175.2,14.2,10.8,55.2,30.5,93.5,25.8,,,,15,,,,,,,,district
54,VEPPANAHALLI,,KRISHNAGIRI,KRISHNAGIRI,FALSE,General,Western TN,,,,25,31,98.5,23.2,19.5,74.5,56.5,68.54,78.83,58.05,20.78,30.2,5.8,105234,38.8,,48.5,52.5,175.2,14.2,10.8,55.2,30.5,93.5,25.8,,,,14,,,,,,,,district
55,HOSUR,,KRISHNAGIRI,KRISHNAGIRI,FALSE,General,Western TN,,,,25,31,98.5,23.2,19.5,74.5,56.5,68.54,78.83,58.05,20.78,30.2,5.8,105234,38.8,,48.5,52.5,175.2,14.2,10.8,55.2,30.5,93.5,25.8,,,,18,,,,,,,,district
56,THALLI,,KRISHNAGIRI,KRISHNAGIRI,FALSE,General,Western TN,,,,25,31,98.5,23.2,19.5,74.5,56.5,68.54,78.83,58.05,20.78,30.2,5.8,105234,38.8,,48.5,52.5,175.2,14.2,10.8,55.2,30.5,93.5,25.8,,,,12,,,,,,,,district
57,PALACODU,,DHARMAPURI,DHARMAPURI,FALSE,General,Western TN,,,,28,34,98.2,25.3,20.1,72.8,58.2,64.71,75.44,53.78,21.66,28.5,5.2,95634,42.1,,52.3,48.5,168.2,12.8,11.5,52.8,28.3,92.1,22.5,,,,12,,,,,,,,district
58,PENNAGARAM,,DHARMAPURI,DHARMAPURI,FALSE,General,Western TN,,,,28,34,98.2,25.3,20.1,72.8,58.2,64.71,75.44,53.78,21.66,28.5,5.2,95634,42.1,,52.3,48.5,168.2,12.8,11.5,52.8,28.3,92.1,22.5,,,,15,,,,,,,,district
59,DHARMAPURI,,DHARMAPURI,DHARMAPURI,FALSE,General,Western TN,,,,28,34,98.2,25.3,20.1,72.8,58.2,64.71,75.44,53.78,21.66,28.5,5.2,95634,42.1,,52.3,48.5,168.2,12.8,11.5,52.8,28.3,92.1,22.5,,,,21,,,,,,,,district
60,PAPPIREDDIPPATTI,,DHARMAPURI,DHARMAPURI,FALSE,General,Western TN,,,,28,34,98.2,25.3,20.1,72.8,58.2,64.71,75.44,53.78,21.66,28.5,5.2,95634,42.1,,52.3,48.5,168.2,12.8,11.5,52.8,28.3,92.1,22.5,,,,15,,,,,,,,district
61,HARUR,,DHARMAPURI,DHARMAPURI,TRUE,SC,Western TN,,,,28,34,98.2,25.3,20.1,72.8,58.2,64.71,75.44,53.78,21.66,28.5,5.2,95634,42.1,,52.3,48.5,168.2,12.8,11.5,52.8,28.3,92.1,22.5,,,,12,,,,,,,,district
62,CHENGAM,,TIRUVANNAMALAI,TIRUVANNAMALAI,TRUE,SC,Northern TN,,,,24,30,98.8,22.5,18.8,75.5,55.8,72.14,82.35,61.82,20.53,32.8,6.5,98534,35.2,,42.8,52.5,185.8,15.2,9.8,58.2,32.5,93.5,28.5,,,,15,,,,,,,,district
63,TIRUVANNAMALAI,,TIRUVANNAMALAI,TIRUVANNAMALAI,FALSE,General,Northern TN,,,,24,30,98.8,22.5,18.8,75.5,55.8,72.14,82.35,61.82,20.53,32.8,6.5,98534,35.2,,42.8,52.5,185.8,15.2,9.8,58.2,32.5,93.5,28.5,,,,15,,,,,,,,district
64,KILPENNATHUR,,TIRUVANNAMALAI,TIRUVANNAMALAI,FALSE,General,Northern TN,,,,24,30,98.8,22.5,18.8,75.5,55.8,72.14,82.35,61.82,20.53,32.8,6.5,98534,35.2,,42.8,52.5,185.8,15.2,9.8,58.2,32.5,93.5,28.5,,,,20,,,,,,,,district
65,KALASAPAKKAM,,TIRUVANNAMALAI,TIRUVANNAMALAI,FALSE,General,Northern TN,,,,24,30,98.8,22.5,18.8,75.5,55.8,72.14,82.35,61.82,20.53,32.8,6.5,98534,35.2,,42.8,52.5,185.8,15.2,9.8,58.2,32.5,93.5,28.5,,,,15,,,,,,,,district
66,POLUR,,TIRUVANNAMALAI,ARANI,FALSE,General,Northern TN,,,,24,30,98.8,22.5,18.8,75.5,55.8,72.14,82.35,61.82,20.53,32.8,6.5,98534,35.2,,42.8,52.5,185.8,15.2,9.8,58.2,32.5,93.5,28.5,,,,15,,,,,,,,district
67,ARANI,,TIRUVANNAMALAI,ARANI,FALSE,General,Northern TN,,,,24,30,98.8,22.5,18.8,75.5,55.8,72.14,82.35,61.82,20.53,32.8,6.5,98534,35.2,,42.8,52.5,185.8,15.2,9.8,58.2,32.5,93.5,28.5,,,,15,,,,,,,,district
68,CHEYYAR,,TIRUVANNAMALAI,ARANI,FALSE,General,Northern TN,,,,24,30,98.8,22.5,18.8,75.5,55.8,72.14,82.35,61.82,20.53,32.8,6.5,98534,35.2,,42.8,52.5,185.8,15.2,9.8,58.2,32.5,93.5,28.5,,,,15,,,,,,,,district
69,GINGEE,,VILLUPPURAM,ARANI,FALSE,General,Central TN,,,,25,31,98.8,22.8,18.5,76.2,55.2,68.40,79.42,57.22,22.20,30.5,5.5,92345,38.5,,48.2,52.2,195.2,16.5,10.5,55.8,30.8,93.2,25.2,,,,11,,,,,,,,district
70,VANDAVASI,,TIRUVANNAMALAI,ARANI,TRUE,SC,Northern TN,,,,24,30,98.8,22.5,18.8,75.5,55.8,72.14,82.35,61.82,20.53,32.8,6.5,98534,35.2,,42.8,52.5,185.8,15.2,9.8,58.2,32.5,93.5,28.5,,,,11,,,,,,,,district
71,MAILAM,,VILLUPPURAM,ARANI,FALSE,General,Central TN,,,,25,31,98.8,22.8,18.5,76.2,55.2,68.40,79.42,57.22,22.20,30.5,5.5,92345,38.5,,48.2,52.2,195.2,16.5,10.5,55.8,30.8,93.2,25.2,,,,14,,,,,,,,district
72,TINDIVANAM,,VILLUPPURAM,VILUPPURAM,TRUE,SC,Central TN,,,,25,31,98.8,22.8,18.5,76.2,55.2,68.40,79.42,57.22,22.20,30.5,5.5,92345,38.5,,48.2,52.2,195.2,16.5,10.5,55.8,30.8,93.2,25.2,,,,15,,,,,,,,district
73,VANUR,,VILLUPPURAM,VILUPPURAM,TRUE,SC,Central TN,,,,25,31,98.8,22.8,18.5,76.2,55.2,68.40,79.42,57.22,22.20,30.5,5.5,92345,38.5,,48.2,52.2,195.2,16.5,10.5,55.8,30.8,93.2,25.2,,,,7,,,,,,,,district
74,VILUPPURAM,,VILLUPPURAM,VILUPPURAM,FALSE,General,Central TN,,,,25,31,98.8,22.8,18.5,76.2,55.2,68.40,79.42,57.22,22.20,30.5,5.5,92345,38.5,,48.2,52.2,195.2,16.5,10.5,55.8,30.8,93.2,25.2,,,,,,,,,,,,district
75,VIKRAVANDI,,VILLUPPURAM,VILUPPURAM,FALSE,General,Central TN,,,,25,31,98.8,22.8,18.5,76.2,55.2,68.40,79.42,57.22,22.20,30.5,5.5,92345,38.5,,48.2,52.2,195.2,16.5,10.5,55.8,30.8,93.2,25.2,,,,15,,,,,,,,district
76,TIRUKKOYILUR,,VILLUPPURAM,VILUPPURAM,FALSE,General,Central TN,,,,25,31,98.8,22.8,18.5,76.2,55.2,68.40,79.42,57.22,22.20,30.5,5.5,92345,38.5,,48.2,52.2,195.2,16.5,10.5,55.8,30.8,93.2,25.2,,,,14,,,,,,,,district
77,ULUNDURPETTAI,,KALLAKURICHI,VILUPPURAM,FALSE,General,Central TN,,,,26,32,98.5,23.5,19.2,75.2,55.8,71.21,81.02,61.28,19.74,31.2,5.5,98523,36.5,,45.8,52.8,198.5,15.8,10.2,58.5,32.5,94.1,28.5,,,,15,,,,,,,,district
78,RISHIVANDIYAM,,KALLAKURICHI,KALLAKURICHI,FALSE,General,Central TN,,,,26,32,98.5,23.5,19.2,75.2,55.8,71.21,81.02,61.28,19.74,31.2,5.5,98523,36.5,,45.8,52.8,198.5,15.8,10.2,58.5,32.5,94.1,28.5,,,,14,,,,,,,,district
79,SANKARAPURAM,,KALLAKURICHI,KALLAKURICHI,FALSE,General,Central TN,,,,26,32,98.5,23.5,19.2,75.2,55.8,71.21,81.02,61.28,19.74,31.2,5.5,98523,36.5,,45.8,52.8,198.5,15.8,10.2,58.5,32.5,94.1,28.5,,,,18,,,,,,,,district
80,KALLAKURICHI,,KALLAKURICHI,KALLAKURICHI,TRUE,SC,Central TN,,,,26,32,98.5,23.5,19.2,75.2,55.8,71.21,81.02,61.28,19.74,31.2,5.5,98523,36.5,,45.8,52.8,198.5,15.8,10.2,58.5,32.5,94.1,28.5,,,,16,,,,,,,,district
81,GANGAVALLI,,SALEM,KALLAKURICHI,TRUE,SC,Western TN,,,,21,26,99.1,19.5,16.8,80.5,51.2,72.86,82.18,63.42,18.76,38.2,9.8,162345,26.2,,35.2,65.8,232.5,20.8,8.8,70.8,45.2,96.8,48.2,,,,11,,,,,,,,district
82,ATTUR,,SALEM,KALLAKURICHI,TRUE,SC,Western TN,,,,21,26,99.1,19.5,16.8,80.5,51.2,72.86,82.18,63.42,18.76,38.2,9.8,162345,26.2,,35.2,65.8,232.5,20.8,8.8,70.8,45.2,96.8,48.2,,,,10,,,,,,,,district
83,YERCAUD,,SALEM,KALLAKURICHI,TRUE,ST,Western TN,,,,21,26,99.1,19.5,16.8,80.5,51.2,72.86,82.18,63.42,18.76,38.2,9.8,162345,26.2,,35.2,65.8,232.5,20.8,8.8,70.8,45.2,96.8,48.2,,,,13,,,,,,,,district
84,OMALUR,,SALEM,SALEM,FALSE,General,Western TN,,,,21,26,99.1,19.5,16.8,80.5,51.2,72.86,82.18,63.42,18.76,38.2,9.8,162345,26.2,,35.2,65.8,232.5,20.8,8.8,70.8,45.2,96.8,48.2,,,,14,,,,,,,,district
85,METTUR,,SALEM,DHARMAPURI,FALSE,General,Western TN,,,,21,26,99.1,19.5,16.8,80.5,51.2,72.86,82.18,63.42,18.76,38.2,9.8,162345,26.2,,35.2,65.8,232.5,20.8,8.8,70.8,45.2,96.8,48.2,,,,14,,,,,,,,district
86,EDAPPADI,,SALEM,SALEM,FALSE,General,Western TN,,,,21,26,99.1,19.5,16.8,80.5,51.2,72.86,82.18,63.42,18.76,38.2,9.8,162345,26.2,,35.2,65.8,232.5,20.8,8.8,70.8,45.2,96.8,48.2,,,,28,,,,,,,,district
87,SANKARI,,SALEM,NAMAKKAL,FALSE,General,Western TN,,,,21,26,99.1,19.5,16.8,80.5,51.2,72.86,82.18,63.42,18.76,38.2,9.8,162345,26.2,,35.2,65.8,232.5,20.8,8.8,70.8,45.2,96.8,48.2,,,,23,,,,,,,,district
88,SALEM (WEST),,SALEM,SALEM,FALSE,General,Western TN,,,,21,26,99.1,19.5,16.8,80.5,51.2,72.86,82.18,63.42,18.76,38.2,9.8,162345,26.2,,35.2,65.8,232.5,20.8,8.8,70.8,45.2,96.8,48.2,,,,28,,,,,,,,district
89,SALEM (NORTH),,SALEM,SALEM,FALSE,General,Western TN,,,,21,26,99.1,19.5,16.8,80.5,51.2,72.86,82.18,63.42,18.76,38.2,9.8,162345,26.2,,35.2,65.8,232.5,20.8,8.8,70.8,45.2,96.8,48.2,,,,20,,,,,,,,district
90,SALEM (SOUTH),,SALEM,SALEM,FALSE,General,Western TN,,,,21,26,99.1,19.5,16.8,80.5,51.2,72.86,82.18,63.42,18.76,38.2,9.8,162345,26.2,,35.2,65.8,232.5,20.8,8.8,70.8,45.2,96.8,48.2,,,,24,,,,,,,,district
91,VEERAPANDI,,SALEM,SALEM,FALSE,General,Western TN,,,,21,26,99.1,19.5,16.8,80.5,51.2,72.86,82.18,63.42,18.76,38.2,9.8,162345,26.2,,35.2,65.8,232.5,20.8,8.8,70.8,45.2,96.8,48.2,,,,20,,,,,,,,district
92,RASIPURAM,,NAMAKKAL,NAMAKKAL,TRUE,SC,Western TN,,,,19,24,99.3,18.5,15.8,81.5,50.2,72.01,81.42,62.48,18.94,38.8,9.5,155234,24.5,,35.8,65.2,205.8,18.2,8.2,70.2,45.8,96.8,48.5,,,,15,,,,,,,,district
93,SENTHAMANGALAM,,NAMAKKAL,NAMAKKAL,TRUE,ST,Western TN,,,,19,24,99.3,18.5,15.8,81.5,50.2,72.01,81.42,62.48,18.94,38.8,9.5,155234,24.5,,35.8,65.2,205.8,18.2,8.2,70.2,45.8,96.8,48.5,,,,16,,,,,,,,district
94,NAMAKKAL,,NAMAKKAL,NAMAKKAL,FALSE,General,Western TN,,,,19,24,99.3,18.5,15.8,81.5,50.2,72.01,81.42,62.48,18.94,38.8,9.5,155234,24.5,,35.8,65.2,205.8,18.2,8.2,70.2,45.8,96.8,48.5,,,,26,,,,,,,,district
95,PARAMATHI-VELUR,,NAMAKKAL,NAMAKKAL,FALSE,General,Western TN,,,,19,24,99.3,18.5,15.8,81.5,50.2,72.01,81.42,62.48,18.94,38.8,9.5,155234,24.5,,35.8,65.2,205.8,18.2,8.2,70.2,45.8,96.8,48.5,,,,25,,,,,,,,district
96,TIRUCHENGODU,,NAMAKKAL,NAMAKKAL,FALSE,General,Western TN,,,,19,24,99.3,18.5,15.8,81.5,50.2,72.01,81.42,62.48,18.94,38.8,9.5,155234,24.5,,35.8,65.2,205.8,18.2,8.2,70.2,45.8,96.8,48.5,,,,27,,,,,,,,district
97,KUMARAPALAYAM,,NAMAKKAL,ERODE,FALSE,General,Western TN,,,,19,24,99.3,18.5,15.8,81.5,50.2,72.01,81.42,62.48,18.94,38.8,9.5,155234,24.5,,35.8,65.2,205.8,18.2,8.2,70.2,45.8,96.8,48.5,,,,29,,,,,,,,district
98,ERODE (EAST),,ERODE,ERODE,FALSE,General,Western TN,,,,18,22,99.4,17.5,15.2,83.2,48.5,72.86,81.53,64.08,17.45,40.5,10.2,185234,22.3,,35.2,68.5,225.3,20.5,8.5,72.5,48.5,97.2,52.1,,,,15,,,,,,,,district
99,ERODE (WEST),,ERODE,ERODE,FALSE,General,Western TN,,,,18,22,99.4,17.5,15.2,83.2,48.5,72.86,81.53,64.08,17.45,40.5,10.2,185234,22.3,,35.2,68.5,225.3,20.5,8.5,72.5,48.5,97.2,52.1,,,,15,,,,,,,,district
100,MODAKKURICHI,,ERODE,ERODE,FALSE,General,Western TN,,,,18,22,99.4,17.5,15.2,83.2,48.5,72.86,81.53,64.08,17.45,40.5,10.2,185234,22.3,,35.2,68.5,225.3,20.5,8.5,72.5,48.5,97.2,52.1,,,,15,,,,,,,,district
101,DHARAPURAM,,TIRUPPUR,ERODE,TRUE,SC,Western TN,,,,16,20,99.5,16.8,14.5,84.5,47.8,78.16,85.42,70.82,14.60,42.8,11.8,215834,18.5,,28.5,72.5,238.5,20.2,7.2,75.8,52.5,97.8,58.5,,,,14,,,,,,,,district
102,KANGAYAM,,TIRUPPUR,ERODE,FALSE,General,Western TN,,,,16,20,99.5,16.8,14.5,84.5,47.8,78.16,85.42,70.82,14.60,42.8,11.8,215834,18.5,,28.5,72.5,238.5,20.2,7.2,75.8,52.5,97.8,58.5,,,,24,,,,,,,,district
103,PERUNDURAI,,ERODE,TIRUPPUR,FALSE,General,Western TN,,,,18,22,99.4,17.5,15.2,83.2,48.5,72.86,81.53,64.08,17.45,40.5,10.2,185234,22.3,,35.2,68.5,225.3,20.5,8.5,72.5,48.5,97.2,52.1,,,,25,,,,,,,,district
104,BHAVANI,,ERODE,TIRUPPUR,FALSE,General,Western TN,,,,18,22,99.4,17.5,15.2,83.2,48.5,72.86,81.53,64.08,17.45,40.5,10.2,185234,22.3,,35.2,68.5,225.3,20.5,8.5,72.5,48.5,97.2,52.1,,,,13,,,,,,,,district
105,ANTHIYUR,,ERODE,TIRUPPUR,FALSE,General,Western TN,,,,18,22,99.4,17.5,15.2,83.2,48.5,72.86,81.53,64.08,17.45,40.5,10.2,185234,22.3,,35.2,68.5,225.3,20.5,8.5,72.5,48.5,97.2,52.1,,,,20,,,,,,,,district
106,GOBICHETTIPALAYAM,,ERODE,TIRUPPUR,FALSE,General,Western TN,,,,18,22,99.4,17.5,15.2,83.2,48.5,72.86,81.53,64.08,17.45,40.5,10.2,185234,22.3,,35.2,68.5,225.3,20.5,8.5,72.5,48.5,97.2,52.1,,,,19,,,,,,,,district
107,BHAVANISAGAR,,ERODE,NILGIRIS,FALSE,General,Western TN,,,,18,22,99.4,17.5,15.2,83.2,48.5,72.86,81.53,64.08,17.45,40.5,10.2,185234,22.3,,35.2,68.5,225.3,20.5,8.5,72.5,48.5,97.2,52.1,,,,6,,,,,,,,district
108,UDHAGAMANDALAM,,THE NILGIRIS,NILGIRIS,FALSE,General,Western TN,,,,15,19,99.5,15.8,14.2,84.8,47.2,80.09,87.52,72.68,14.84,42.5,12.5,145234,18.5,,32.5,68.5,225.8,18.8,5.5,75.2,55.8,97.5,58.2,,,,9,,,,,,,,district
109,GUDALUR,,THE NILGIRIS,NILGIRIS,TRUE,SC,Western TN,,,,15,19,99.5,15.8,14.2,84.8,47.2,80.09,87.52,72.68,14.84,42.5,12.5,145234,18.5,,32.5,68.5,225.8,18.8,5.5,75.2,55.8,97.5,58.2,,,,7,,,,,,,,district
110,COONOOR,,THE NILGIRIS,NILGIRIS,FALSE,General,Western TN,,,,15,19,99.5,15.8,14.2,84.8,47.2,80.09,87.52,72.68,14.84,42.5,12.5,145234,18.5,,32.5,68.5,225.8,18.8,5.5,75.2,55.8,97.5,58.2,,,,10,,,,,,,,district
111,METTUPPALAYAM,,COIMBATORE,NILGIRIS,FALSE,General,Western TN,,,,15,19,99.6,16.5,14.8,85.3,46.8,84.22,89.58,78.73,10.85,50.2,16.8,245832,14.3,,18.5,78.2,298.5,28.3,6.8,82.3,58.2,98.8,68.2,,,,10,,,,,,,,district
112,AVANASHI,,TIRUPPUR,NILGIRIS,TRUE,SC,Western TN,,,,16,20,99.5,16.8,14.5,84.5,47.8,78.16,85.42,70.82,14.60,42.8,11.8,215834,18.5,,28.5,72.5,238.5,20.2,7.2,75.8,52.5,97.8,58.5,,,,11,,,,,,,,district
113,TIRUPPUR (NORTH),,TIRUPPUR,TIRUPPUR,FALSE,General,Western TN,,,,16,20,99.5,16.8,14.5,84.5,47.8,78.16,85.42,70.82,14.60,42.8,11.8,215834,18.5,,28.5,72.5,238.5,20.2,7.2,75.8,52.5,97.8,58.5,,,,15,,,,,,,,district
114,TIRUPPUR (SOUTH),,TIRUPPUR,TIRUPPUR,FALSE,General,Western TN,,,,16,20,99.5,16.8,14.5,84.5,47.8,78.16,85.42,70.82,14.60,42.8,11.8,215834,18.5,,28.5,72.5,238.5,20.2,7.2,75.8,52.5,97.8,58.5,,,,20,,,,,,,,district
115,PALLADAM,,TIRUPPUR,COIMBATORE,FALSE,General,Western TN,,,,16,20,99.5,16.8,14.5,84.5,47.8,78.16,85.42,70.82,14.60,42.8,11.8,215834,18.5,,28.5,72.5,238.5,20.2,7.2,75.8,52.5,97.8,58.5,,,,19,,,,,,,,district
116,SULUR,,COIMBATORE,COIMBATORE,FALSE,General,Western TN,,,,15,19,99.6,16.5,14.8,85.3,46.8,84.22,89.58,78.73,10.85,50.2,16.8,245832,14.3,,18.5,78.2,298.5,28.3,6.8,82.3,58.2,98.8,68.2,,,,15,,,,,,,,district
117,KAVUNDAMPALAYAM,,COIMBATORE,COIMBATORE,FALSE,General,Western TN,,,,15,19,99.6,16.5,14.8,85.3,46.8,84.22,89.58,78.73,10.85,50.2,16.8,245832,14.3,,18.5,78.2,298.5,28.3,6.8,82.3,58.2,98.8,68.2,,,,12,,,,,,,,district
118,COIMBATORE(NORTH),,COIMBATORE,COIMBATORE,FALSE,General,Western TN,,,,15,19,99.6,16.5,14.8,85.3,46.8,84.22,89.58,78.73,10.85,50.2,16.8,245832,14.3,,18.5,78.2,298.5,28.3,6.8,82.3,58.2,98.8,68.2,,,,19,,,,,,,,district
119,THONDAMUTHUR,,COIMBATORE,POLLACHI,FALSE,General,Western TN,,,,15,19,99.6,16.5,14.8,85.3,46.8,84.22,89.58,78.73,10.85,50.2,16.8,245832,14.3,,18.5,78.2,298.5,28.3,6.8,82.3,58.2,98.8,68.2,,,,9,,,,,,,,district
120,COIMBATORE(SOUTH),,COIMBATORE,COIMBATORE,FALSE,General,Western TN,,,,15,19,99.6,16.5,14.8,85.3,46.8,84.22,89.58,78.73,10.85,50.2,16.8,245832,14.3,,18.5,78.2,298.5,28.3,6.8,82.3,58.2,98.8,68.2,,,,19,,,,,,,,district
121,SINGANALLUR,,COIMBATORE,COIMBATORE,FALSE,General,Western TN,,,,15,19,99.6,16.5,14.8,85.3,46.8,84.22,89.58,78.73,10.85,50.2,16.8,245832,14.3,,18.5,78.2,298.5,28.3,6.8,82.3,58.2,98.8,68.2,,,,21,,,,,,,,district
122,KINATHUKADAVU,,COIMBATORE,POLLACHI,FALSE,General,Western TN,,,,15,19,99.6,16.5,14.8,85.3,46.8,84.22,89.58,78.73,10.85,50.2,16.8,245832,14.3,,18.5,78.2,298.5,28.3,6.8,82.3,58.2,98.8,68.2,,,,14,,,,,,,,district
123,POLLACHI,,COIMBATORE,POLLACHI,FALSE,General,Western TN,,,,15,19,99.6,16.5,14.8,85.3,46.8,84.22,89.58,78.73,10.85,50.2,16.8,245832,14.3,,18.5,78.2,298.5,28.3,6.8,82.3,58.2,98.8,68.2,,,,8,,,,,,,,district
124,VALPARAI,,COIMBATORE,POLLACHI,TRUE,SC,Western TN,,,,15,19,99.6,16.5,14.8,85.3,46.8,84.22,89.58,78.73,10.85,50.2,16.8,245832,14.3,,18.5,78.2,298.5,28.3,6.8,82.3,58.2,98.8,68.2,,,,6,,,,,,,,district
125,UDUMALAIPETTAI,,TIRUPPUR,POLLACHI,FALSE,General,Western TN,,,,16,20,99.5,16.8,14.5,84.5,47.8,78.16,85.42,70.82,14.60,42.8,11.8,215834,18.5,,28.5,72.5,238.5,20.2,7.2,75.8,52.5,97.8,58.5,,,,15,,,,,,,,district
126,MADATHUKULAM,,TIRUPPUR,POLLACHI,FALSE,General,Western TN,,,,16,20,99.5,16.8,14.5,84.5,47.8,78.16,85.42,70.82,14.60,42.8,11.8,215834,18.5,,28.5,72.5,238.5,20.2,7.2,75.8,52.5,97.8,58.5,,,,14,,,,,,,,district
127,PALANI,,DINDIGUL,DINDIGUL,FALSE,General,Southern TN,,,,20,25,99.2,19.8,16.5,80.1,51.5,76.26,84.42,68.03,16.39,38.2,8.5,128945,28.5,,42.5,62.3,195.8,16.2,7.8,65.2,42.1,95.8,42.3,,,,21,,,,,,,,district
128,ODDANCHATRAM,,DINDIGUL,DINDIGUL,FALSE,General,Southern TN,,,,20,25,99.2,19.8,16.5,80.1,51.5,76.26,84.42,68.03,16.39,38.2,8.5,128945,28.5,,42.5,62.3,195.8,16.2,7.8,65.2,42.1,95.8,42.3,,,,12,,,,,,,,district
129,ATHOOR,,DINDIGUL,DINDIGUL,FALSE,General,Southern TN,,,,20,25,99.2,19.8,16.5,80.1,51.5,76.26,84.42,68.03,16.39,38.2,8.5,128945,28.5,,42.5,62.3,195.8,16.2,7.8,65.2,42.1,95.8,42.3,,,,19,,,,,,,,district
130,NILAKKOTTAI,,DINDIGUL,DINDIGUL,TRUE,SC,Southern TN,,,,20,25,99.2,19.8,16.5,80.1,51.5,76.26,84.42,68.03,16.39,38.2,8.5,128945,28.5,,42.5,62.3,195.8,16.2,7.8,65.2,42.1,95.8,42.3,,,,18,,,,,,,,district
131,NATHAM,,DINDIGUL,DINDIGUL,FALSE,General,Southern TN,,,,20,25,99.2,19.8,16.5,80.1,51.5,76.26,84.42,68.03,16.39,38.2,8.5,128945,28.5,,42.5,62.3,195.8,16.2,7.8,65.2,42.1,95.8,42.3,,,,15,,,,,,,,district
132,DINDIGUL,,DINDIGUL,DINDIGUL,FALSE,General,Southern TN,,,,20,25,99.2,19.8,16.5,80.1,51.5,76.26,84.42,68.03,16.39,38.2,8.5,128945,28.5,,42.5,62.3,195.8,16.2,7.8,65.2,42.1,95.8,42.3,,,,19,,,,,,,,district
133,VEDASANDUR,,DINDIGUL,KARUR,FALSE,General,Southern TN,,,,20,25,99.2,19.8,16.5,80.1,51.5,76.26,84.42,68.03,16.39,38.2,8.5,128945,28.5,,42.5,62.3,195.8,16.2,7.8,65.2,42.1,95.8,42.3,,,,20,,,,,,,,district
134,ARAVAKURICHI,,KARUR,KARUR,FALSE,General,Central TN,,,,20,25,99.2,19.2,16.8,79.8,52.3,76.56,85.42,67.58,17.84,37.5,8.2,138945,27.8,,38.5,62.8,188.5,15.5,7.5,68.2,42.5,96.2,45.2,,,,38,,,,,,,,district
135,KARUR,,KARUR,KARUR,FALSE,General,Central TN,,,,20,25,99.2,19.2,16.8,79.8,52.3,76.56,85.42,67.58,17.84,37.5,8.2,138945,27.8,,38.5,62.8,188.5,15.5,7.5,68.2,42.5,96.2,45.2,,,,75,,,,,,,,district
136,KRISHNARAYAPURAM,,KARUR,KARUR,TRUE,SC,Central TN,,,,20,25,99.2,19.2,16.8,79.8,52.3,76.56,85.42,67.58,17.84,37.5,8.2,138945,27.8,,38.5,62.8,188.5,15.5,7.5,68.2,42.5,96.2,45.2,,,,25,,,,,,,,district
137,KULITHALAI,,KARUR,PERAMBALUR,FALSE,General,Central TN,,,,20,25,99.2,19.2,16.8,79.8,52.3,76.56,85.42,67.58,17.84,37.5,8.2,138945,27.8,,38.5,62.8,188.5,15.5,7.5,68.2,42.5,96.2,45.2,,,,18,,,,,,,,district
138,MANAPPARAI,,TIRUCHIRAPPALLI,KARUR,FALSE,General,Central TN,,,,19,24,99.3,18.5,15.8,81.8,50.5,84.66,90.12,79.18,10.94,44.2,12.5,168534,22.8,,28.5,68.2,245.8,22.5,7.2,75.2,52.8,97.5,55.8,,,,22,,,,,,,,district
139,SRIRANGAM,,TIRUCHIRAPPALLI,TIRUCHIRAPPALLI,FALSE,General,Central TN,,,,19,24,99.3,18.5,15.8,81.8,50.5,84.66,90.12,79.18,10.94,44.2,12.5,168534,22.8,,28.5,68.2,245.8,22.5,7.2,75.2,52.8,97.5,55.8,,,,15,,,,,,,,district
140,TIRUCHIRAPPALLI WEST,,TIRUCHIRAPPALLI,TIRUCHIRAPPALLI,FALSE,General,Central TN,,,,19,24,99.3,18.5,15.8,81.8,50.5,84.66,90.12,79.18,10.94,44.2,12.5,168534,22.8,,28.5,68.2,245.8,22.5,7.2,75.2,52.8,97.5,55.8,,,,13,,,,,,,,district
141,TIRUCHIRAPPALLI EAST,,TIRUCHIRAPPALLI,TIRUCHIRAPPALLI,FALSE,General,Central TN,,,,19,24,99.3,18.5,15.8,81.8,50.5,84.66,90.12,79.18,10.94,44.2,12.5,168534,22.8,,28.5,68.2,245.8,22.5,7.2,75.2,52.8,97.5,55.8,,,,17,,,,,,,,district
142,THIRUVERUMBUR,,TIRUCHIRAPPALLI,TIRUCHIRAPPALLI,FALSE,General,Central TN,,,,19,24,99.3,18.5,15.8,81.8,50.5,84.66,90.12,79.18,10.94,44.2,12.5,168534,22.8,,28.5,68.2,245.8,22.5,7.2,75.2,52.8,97.5,55.8,,,,15,,,,,,,,district
143,LALGUDI,,TIRUCHIRAPPALLI,PERAMBALUR,FALSE,General,Central TN,,,,19,24,99.3,18.5,15.8,81.8,50.5,84.66,90.12,79.18,10.94,44.2,12.5,168534,22.8,,28.5,68.2,245.8,22.5,7.2,75.2,52.8,97.5,55.8,,,,13,,,,,,,,district
144,MANACHANALLUR,,TIRUCHIRAPPALLI,PERAMBALUR,FALSE,General,Central TN,,,,19,24,99.3,18.5,15.8,81.8,50.5,84.66,90.12,79.18,10.94,44.2,12.5,168534,22.8,,28.5,68.2,245.8,22.5,7.2,75.2,52.8,97.5,55.8,,,,29,,,,,,,,district
145,MUSIRI,,TIRUCHIRAPPALLI,PERAMBALUR,FALSE,General,Central TN,,,,19,24,99.3,18.5,15.8,81.8,50.5,84.66,90.12,79.18,10.94,44.2,12.5,168534,22.8,,28.5,68.2,245.8,22.5,7.2,75.2,52.8,97.5,55.8,,,,20,,,,,,,,district
146,THURAIYUR,,TIRUCHIRAPPALLI,PERAMBALUR,TRUE,SC,Central TN,,,,19,24,99.3,18.5,15.8,81.8,50.5,84.66,90.12,79.18,10.94,44.2,12.5,168534,22.8,,28.5,68.2,245.8,22.5,7.2,75.2,52.8,97.5,55.8,,,,12,,,,,,,,district
147,PERAMBALUR,,PERAMBALUR,PERAMBALUR,TRUE,SC,Central TN,,,,23,28,99.0,21.8,18.2,77.5,54.2,72.50,82.85,62.02,20.83,33.2,6.2,92345,36.8,,46.5,55.2,178.5,14.8,9.5,58.8,35.2,93.5,30.2,,,,8,,,,,,,,district
148,KUNNAM,,PERAMBALUR,CHIDAMBARAM,FALSE,General,Central TN,,,,23,28,99.0,21.8,18.2,77.5,54.2,72.50,82.85,62.02,20.83,33.2,6.2,92345,36.8,,46.5,55.2,178.5,14.8,9.5,58.8,35.2,93.5,30.2,,,,21,,,,,,,,district
149,ARIYALUR,,ARIYALUR,CHIDAMBARAM,FALSE,General,Central TN,,,,22,27,99.1,21.5,17.8,78.2,53.1,71.86,82.04,61.62,20.42,32.1,5.8,89142,38.2,,48.2,54.3,182.5,15.2,8.1,58.3,36.2,93.8,28.1,,,,13,,,,,,,,district
150,JAYANKONDAM,,ARIYALUR,CHIDAMBARAM,FALSE,General,Central TN,,,,22,27,99.1,21.5,17.8,78.2,53.1,71.86,82.04,61.62,20.42,32.1,5.8,89142,38.2,,48.2,54.3,182.5,15.2,8.1,58.3,36.2,93.8,28.1,,,,12,,,,,,,,district
151,TITTAKUDI,,CUDDALORE,CUDDALORE,TRUE,SC,Central TN,,,,25,31,98.8,22.8,18.5,76.5,54.8,75.57,84.17,66.86,17.31,35.8,7.5,112456,32.5,,38.5,58.2,215.3,18.5,9.2,62.1,38.5,95.2,35.8,,,,15,,,,,,,,district
152,VRIDDHACHALAM,,CUDDALORE,CUDDALORE,FALSE,General,Central TN,,,,25,31,98.8,22.8,18.5,76.5,54.8,75.57,84.17,66.86,17.31,35.8,7.5,112456,32.5,,38.5,58.2,215.3,18.5,9.2,62.1,38.5,95.2,35.8,,,,29,,,,,,,,district
153,NEYVELI,,CUDDALORE,CUDDALORE,FALSE,General,Central TN,,,,25,31,98.8,22.8,18.5,76.5,54.8,75.57,84.17,66.86,17.31,35.8,7.5,112456,32.5,,38.5,58.2,215.3,18.5,9.2,62.1,38.5,95.2,35.8,,,,12,,,,,,,,district
154,PANRUTI,,CUDDALORE,CUDDALORE,FALSE,General,Central TN,,,,25,31,98.8,22.8,18.5,76.5,54.8,75.57,84.17,66.86,17.31,35.8,7.5,112456,32.5,,38.5,58.2,215.3,18.5,9.2,62.1,38.5,95.2,35.8,,,,13,,,,,,,,district
155,CUDDALORE,,CUDDALORE,CUDDALORE,FALSE,General,Central TN,,,,25,31,98.8,22.8,18.5,76.5,54.8,75.57,84.17,66.86,17.31,35.8,7.5,112456,32.5,,38.5,58.2,215.3,18.5,9.2,62.1,38.5,95.2,35.8,,,,15,,,,,,,,district
156,KURINJIPADI,,CUDDALORE,CUDDALORE,FALSE,General,Central TN,,,,25,31,98.8,22.8,18.5,76.5,54.8,75.57,84.17,66.86,17.31,35.8,7.5,112456,32.5,,38.5,58.2,215.3,18.5,9.2,62.1,38.5,95.2,35.8,,,,12,,,,,,,,district
157,BHUVANAGIRI,,CUDDALORE,CHIDAMBARAM,FALSE,General,Central TN,,,,25,31,98.8,22.8,18.5,76.5,54.8,75.57,84.17,66.86,17.31,35.8,7.5,112456,32.5,,38.5,58.2,215.3,18.5,9.2,62.1,38.5,95.2,35.8,,,,14,,,,,,,,district
158,CHIDAMBARAM,,CUDDALORE,CHIDAMBARAM,FALSE,General,Central TN,,,,25,31,98.8,22.8,18.5,76.5,54.8,75.57,84.17,66.86,17.31,35.8,7.5,112456,32.5,,38.5,58.2,215.3,18.5,9.2,62.1,38.5,95.2,35.8,,,,11,,,,,,,,district
159,KATTUMANNARKOIL,,CUDDALORE,CHIDAMBARAM,TRUE,SC,Central TN,,,,25,31,98.8,22.8,18.5,76.5,54.8,75.57,84.17,66.86,17.31,35.8,7.5,112456,32.5,,38.5,58.2,215.3,18.5,9.2,62.1,38.5,95.2,35.8,,,,13,,,,,,,,district
160,SIRKAZHI,,NAGAPATTINAM,MAYILADUTHURAI,TRUE,SC,Delta,,,,22,27,99.0,20.8,17.2,78.5,53.8,80.76,87.85,73.69,14.16,38.5,8.8,108945,30.2,,42.5,58.5,195.2,16.8,8.5,62.8,42.8,95.5,38.2,,,,10,,,,,,,,district
161,MAYILADUTHURAI,,NAGAPATTINAM,MAYILADUTHURAI,FALSE,General,Delta,,,,22,27,99.0,20.8,17.2,78.5,53.8,80.76,87.85,73.69,14.16,38.5,8.8,108945,30.2,,42.5,58.5,195.2,16.8,8.5,62.8,42.8,95.5,38.2,,,,14,,,,,,,,district
162,POOMPUHAR,,NAGAPATTINAM,MAYILADUTHURAI,FALSE,General,Delta,,,,22,27,99.0,20.8,17.2,78.5,53.8,80.76,87.85,73.69,14.16,38.5,8.8,108945,30.2,,42.5,58.5,195.2,16.8,8.5,62.8,42.8,95.5,38.2,,,,8,,,,,,,,district
163,NAGAPATTINAM,,NAGAPATTINAM,NAGAPATTINAM,FALSE,General,Delta,,,,22,27,99.0,20.8,17.2,78.5,53.8,80.76,87.85,73.69,14.16,38.5,8.8,108945,30.2,,42.5,58.5,195.2,16.8,8.5,62.8,42.8,95.5,38.2,,,,11,,,,,,,,district
164,KILVELUR,,NAGAPATTINAM,NAGAPATTINAM,TRUE,SC,Delta,,,,22,27,99.0,20.8,17.2,78.5,53.8,80.76,87.85,73.69,14.16,38.5,8.8,108945,30.2,,42.5,58.5,195.2,16.8,8.5,62.8,42.8,95.5,38.2,,,,10,,,,,,,,district
165,VEDARANYAM,,NAGAPATTINAM,NAGAPATTINAM,FALSE,General,Delta,,,,22,27,99.0,20.8,17.2,78.5,53.8,80.76,87.85,73.69,14.16,38.5,8.8,108945,30.2,,42.5,58.5,195.2,16.8,8.5,62.8,42.8,95.5,38.2,,,,12,,,,,,,,district
166,THIRUTHURAIPOONDI,,THIRUVARUR,NAGAPATTINAM,TRUE,SC,Delta,,,,22,27,99.0,20.5,17.2,78.8,53.2,80.41,87.65,73.18,14.47,38.2,8.5,102345,30.8,,42.8,58.2,192.5,16.5,8.5,62.5,42.2,95.2,38.5,,,,11,,,,,,,,district
167,MANNARGUDI,,THIRUVARUR,THANJAVUR,FALSE,General,Delta,,,,22,27,99.0,20.5,17.2,78.8,53.2,80.41,87.65,73.18,14.47,38.2,8.5,102345,30.8,,42.8,58.2,192.5,16.5,8.5,62.5,42.2,95.2,38.5,,,,10,,,,,,,,district
168,THIRUVARUR,,THIRUVARUR,NAGAPATTINAM,FALSE,General,Delta,,,,22,27,99.0,20.5,17.2,78.8,53.2,80.41,87.65,73.18,14.47,38.2,8.5,102345,30.8,,42.8,58.2,192.5,16.5,8.5,62.5,42.2,95.2,38.5,,,,13,,,,,,,,district
169,NANNILAM,,THIRUVARUR,NAGAPATTINAM,FALSE,General,Delta,,,,22,27,99.0,20.5,17.2,78.8,53.2,80.41,87.65,73.18,14.47,38.2,8.5,102345,30.8,,42.8,58.2,192.5,16.5,8.5,62.5,42.2,95.2,38.5,,,,14,,,,,,,,district
170,THIRUVIDAIMARUDUR,,THANJAVUR,MAYILADUTHURAI,FALSE,General,Delta,,,,20,25,99.2,19.5,16.5,80.2,51.8,80.93,88.42,73.48,14.94,40.5,10.5,125634,25.8,,35.5,62.8,205.8,18.2,8.2,68.5,48.5,96.5,45.2,,,,14,,,,,,,,district
171,KUMBAKONAM,,THANJAVUR,MAYILADUTHURAI,FALSE,General,Delta,,,,20,25,99.2,19.5,16.5,80.2,51.8,80.93,88.42,73.48,14.94,40.5,10.5,125634,25.8,,35.5,62.8,205.8,18.2,8.2,68.5,48.5,96.5,45.2,,,,10,,,,,,,,district
172,PAPANASAM,,THANJAVUR,MAYILADUTHURAI,FALSE,General,Delta,,,,20,25,99.2,19.5,16.5,80.2,51.8,80.93,88.42,73.48,14.94,40.5,10.5,125634,25.8,,35.5,62.8,205.8,18.2,8.2,68.5,48.5,96.5,45.2,,,,13,,,,,,,,district
173,THIRUVAIYARU,,THANJAVUR,THANJAVUR,FALSE,General,Delta,,,,20,25,99.2,19.5,16.5,80.2,51.8,80.93,88.42,73.48,14.94,40.5,10.5,125634,25.8,,35.5,62.8,205.8,18.2,8.2,68.5,48.5,96.5,45.2,,,,11,,,,,,,,district
174,THANJAVUR,,THANJAVUR,THANJAVUR,FALSE,General,Delta,,,,20,25,99.2,19.5,16.5,80.2,51.8,80.93,88.42,73.48,14.94,40.5,10.5,125634,25.8,,35.5,62.8,205.8,18.2,8.2,68.5,48.5,96.5,45.2,,,,12,,,,,,,,district
175,ORATHANADU,,THANJAVUR,THANJAVUR,FALSE,General,Delta,,,,20,25,99.2,19.5,16.5,80.2,51.8,80.93,88.42,73.48,14.94,40.5,10.5,125634,25.8,,35.5,62.8,205.8,18.2,8.2,68.5,48.5,96.5,45.2,,,,10,,,,,,,,district
176,PATTUKKOTTAI,,THANJAVUR,THANJAVUR,FALSE,General,Delta,,,,20,25,99.2,19.5,16.5,80.2,51.8,80.93,88.42,73.48,14.94,40.5,10.5,125634,25.8,,35.5,62.8,205.8,18.2,8.2,68.5,48.5,96.5,45.2,,,,7,,,,,,,,district
177,PERAVURANI,,THANJAVUR,THANJAVUR,FALSE,General,Delta,,,,20,25,99.2,19.5,16.5,80.2,51.8,80.93,88.42,73.48,14.94,40.5,10.5,125634,25.8,,35.5,62.8,205.8,18.2,8.2,68.5,48.5,96.5,45.2,,,,8,,,,,,,,district
178,GANDHARVAKOTTAI,,PUDUKKOTTAI,TIRUCHIRAPPALLI,TRUE,SC,Delta,,,,23,28,98.8,21.2,17.5,77.8,53.5,73.78,83.25,64.24,19.01,34.5,6.8,95634,34.2,,42.8,56.8,185.2,15.2,8.8,60.5,38.2,94.5,32.5,,,,13,,,,,,,,district
179,VIRALIMALAI,,PUDUKKOTTAI,KARUR,FALSE,General,Delta,,,,23,28,98.8,21.2,17.5,77.8,53.5,73.78,83.25,64.24,19.01,34.5,6.8,95634,34.2,,42.8,56.8,185.2,15.2,8.8,60.5,38.2,94.5,32.5,,,,22,,,,,,,,district
180,PUDUKKOTTAI,,PUDUKKOTTAI,TIRUCHIRAPPALLI,FALSE,General,Delta,,,,23,28,98.8,21.2,17.5,77.8,53.5,73.78,83.25,64.24,19.01,34.5,6.8,95634,34.2,,42.8,56.8,185.2,15.2,8.8,60.5,38.2,94.5,32.5,,,,21,,,,,,,,district
181,THIRUMAYAM,,PUDUKKOTTAI,SIVAGANGA,FALSE,General,Delta,,,,23,28,98.8,21.2,17.5,77.8,53.5,73.78,83.25,64.24,19.01,34.5,6.8,95634,34.2,,42.8,56.8,185.2,15.2,8.8,60.5,38.2,94.5,32.5,,,,22,,,,,,,,district
182,ALANGUDI,,PUDUKKOTTAI,SIVAGANGA,FALSE,General,Delta,,,,23,28,98.8,21.2,17.5,77.8,53.5,73.78,83.25,64.24,19.01,34.5,6.8,95634,34.2,,42.8,56.8,185.2,15.2,8.8,60.5,38.2,94.5,32.5,,,,11,,,,,,,,district
183,ARANTHANGI,,PUDUKKOTTAI,RAMANATHAPURAM,FALSE,General,Delta,,,,23,28,98.8,21.2,17.5,77.8,53.5,73.78,83.25,64.24,19.01,34.5,6.8,95634,34.2,,42.8,56.8,185.2,15.2,8.8,60.5,38.2,94.5,32.5,,,,20,,,,,,,,district
184,KARAIKUDI,,SIVAGANGA,SIVAGANGA,FALSE,General,Southern TN,,,,22,27,98.8,20.5,17.5,78.2,52.8,81.04,88.12,73.92,14.20,38.8,8.5,105634,30.5,,38.8,58.5,188.5,15.8,7.5,65.2,42.2,95.2,38.5,,,,12,,,,,,,,district
185,TIRUPPATHUR,,SIVAGANGA,SIVAGANGA,FALSE,General,Southern TN,,,,22,27,98.8,20.5,17.5,78.2,52.8,81.04,88.12,73.92,14.20,38.8,8.5,105634,30.5,,38.8,58.5,188.5,15.8,7.5,65.2,42.2,95.2,38.5,,,,25,,,,,,,,district
186,SIVAGANGA,,SIVAGANGA,SIVAGANGA,FALSE,General,Southern TN,,,,22,27,98.8,20.5,17.5,78.2,52.8,81.04,88.12,73.92,14.20,38.8,8.5,105634,30.5,,38.8,58.5,188.5,15.8,7.5,65.2,42.2,95.2,38.5,,,,15,,,,,,,,district
187,MANAMADURAI,,SIVAGANGA,SIVAGANGA,TRUE,SC,Southern TN,,,,22,27,98.8,20.5,17.5,78.2,52.8,81.04,88.12,73.92,14.20,38.8,8.5,105634,30.5,,38.8,58.5,188.5,15.8,7.5,65.2,42.2,95.2,38.5,,,,12,,,,,,,,district
188,MELUR,,MADURAI,MADURAI,FALSE,General,Southern TN,,,,18,22,99.5,17.8,15.5,83.8,49.2,85.04,90.12,79.88,10.24,48.8,15.8,195234,18.2,,22.8,75.8,285.3,28.5,6.2,78.8,55.2,98.2,62.5,,,,8,,,,,,,,district
189,MADURAI EAST,,MADURAI,MADURAI,FALSE,General,Southern TN,,,,18,22,99.5,17.8,15.5,83.8,49.2,85.04,90.12,79.88,10.24,48.8,15.8,195234,18.2,,22.8,75.8,285.3,28.5,6.2,78.8,55.2,98.2,62.5,,,,15,,,,,,,,district
190,SHOLAVANDAN,,MADURAI,THENI,TRUE,SC,Southern TN,,,,18,22,99.5,17.8,15.5,83.8,49.2,85.04,90.12,79.88,10.24,48.8,15.8,195234,18.2,,22.8,75.8,285.3,28.5,6.2,78.8,55.2,98.2,62.5,,,,20,,,,,,,,district
191,MADURAI NORTH,,MADURAI,MADURAI,FALSE,General,Southern TN,,,,18,22,99.5,17.8,15.5,83.8,49.2,85.04,90.12,79.88,10.24,48.8,15.8,195234,18.2,,22.8,75.8,285.3,28.5,6.2,78.8,55.2,98.2,62.5,,,,15,,,,,,,,district
192,MADURAI SOUTH,,MADURAI,MADURAI,FALSE,General,Southern TN,,,,18,22,99.5,17.8,15.5,83.8,49.2,85.04,90.12,79.88,10.24,48.8,15.8,195234,18.2,,22.8,75.8,285.3,28.5,6.2,78.8,55.2,98.2,62.5,,,,13,,,,,,,,district
193,MADURAI CENTRAL,,MADURAI,MADURAI,FALSE,General,Southern TN,,,,18,22,99.5,17.8,15.5,83.8,49.2,85.04,90.12,79.88,10.24,48.8,15.8,195234,18.2,,22.8,75.8,285.3,28.5,6.2,78.8,55.2,98.2,62.5,,,,14,,,,,,,,district
194,MADURAI WEST,,MADURAI,MADURAI,FALSE,General,Southern TN,,,,18,22,99.5,17.8,15.5,83.8,49.2,85.04,90.12,79.88,10.24,48.8,15.8,195234,18.2,,22.8,75.8,285.3,28.5,6.2,78.8,55.2,98.2,62.5,,,,15,,,,,,,,district
195,THIRUPARANKUNDRAM,,MADURAI,VIRUDHUNAGAR,FALSE,General,Southern TN,,,,18,22,99.5,17.8,15.5,83.8,49.2,85.04,90.12,79.88,10.24,48.8,15.8,195234,18.2,,22.8,75.8,285.3,28.5,6.2,78.8,55.2,98.2,62.5,,,,23,,,,,,,,district
196,THIRUMANGALAM,,MADURAI,VIRUDHUNAGAR,FALSE,General,Southern TN,,,,18,22,99.5,17.8,15.5,83.8,49.2,85.04,90.12,79.88,10.24,48.8,15.8,195234,18.2,,22.8,75.8,285.3,28.5,6.2,78.8,55.2,98.2,62.5,,,,22,,,,,,,,district
197,USILAMPATTI,,MADURAI,THENI,FALSE,General,Southern TN,,,,18,22,99.5,17.8,15.5,83.8,49.2,85.04,90.12,79.88,10.24,48.8,15.8,195234,18.2,,22.8,75.8,285.3,28.5,6.2,78.8,55.2,98.2,62.5,,,,11,,,,,,,,district
198,ANDIPATTI,,THENI,THENI,FALSE,General,Southern TN,,,,20,25,99.2,19.2,16.5,80.5,51.2,78.78,86.42,71.08,15.34,38.2,8.8,135234,25.2,,38.5,62.5,185.2,15.2,6.8,68.2,45.2,96.2,45.8,,,,20,,,,,,,,district
199,PERIYAKULAM,,THENI,THENI,FALSE,General,Southern TN,,,,20,25,99.2,19.2,16.5,80.5,51.2,78.78,86.42,71.08,15.34,38.2,8.8,135234,25.2,,38.5,62.5,185.2,15.2,6.8,68.2,45.2,96.2,45.8,,,,14,,,,,,,,district
200,BODINAYAKANUR,,THENI,THENI,FALSE,General,Southern TN,,,,20,25,99.2,19.2,16.5,80.5,51.2,78.78,86.42,71.08,15.34,38.2,8.8,135234,25.2,,38.5,62.5,185.2,15.2,6.8,68.2,45.2,96.2,45.8,,,,22,,,,,,,,district
201,CUMBUM,,THENI,THENI,FALSE,General,Southern TN,,,,20,25,99.2,19.2,16.5,80.5,51.2,78.78,86.42,71.08,15.34,38.2,8.8,135234,25.2,,38.5,62.5,185.2,15.2,6.8,68.2,45.2,96.2,45.8,,,,15,,,,,,,,district
202,RAJAPALAYAM,,VIRUDHUNAGAR,TENKASI,FALSE,General,Southern TN,,,,20,25,99.2,19.2,16.5,80.5,51.5,79.69,87.42,71.92,15.50,40.2,10.2,128534,25.8,,32.5,62.8,198.5,17.2,7.2,68.8,45.8,96.5,48.2,,,,10,,,,,,,,district
203,SRIVILLIPUTHUR,,VIRUDHUNAGAR,TENKASI,TRUE,SC,Southern TN,,,,20,25,99.2,19.2,16.5,80.5,51.5,79.69,87.42,71.92,15.50,40.2,10.2,128534,25.8,,32.5,62.8,198.5,17.2,7.2,68.8,45.8,96.5,48.2,,,,15,,,,,,,,district
204,SATTUR,,VIRUDHUNAGAR,VIRUDHUNAGAR,FALSE,General,Southern TN,,,,20,25,99.2,19.2,16.5,80.5,51.5,79.69,87.42,71.92,15.50,40.2,10.2,128534,25.8,,32.5,62.8,198.5,17.2,7.2,68.8,45.8,96.5,48.2,,,,26,,,,,,,,district
205,SIVAKASI,,VIRUDHUNAGAR,VIRUDHUNAGAR,FALSE,General,Southern TN,,,,20,25,99.2,19.2,16.5,80.5,51.5,79.69,87.42,71.92,15.50,40.2,10.2,128534,25.8,,32.5,62.8,198.5,17.2,7.2,68.8,45.8,96.5,48.2,,,,26,,,,,,,,district
206,VIRUDHUNAGAR,,VIRUDHUNAGAR,VIRUDHUNAGAR,FALSE,General,Southern TN,,,,20,25,99.2,19.2,16.5,80.5,51.5,79.69,87.42,71.92,15.50,40.2,10.2,128534,25.8,,32.5,62.8,198.5,17.2,7.2,68.8,45.8,96.5,48.2,,,,17,,,,,,,,district
207,ARUPPUKKOTTAI,,VIRUDHUNAGAR,VIRUDHUNAGAR,FALSE,General,Southern TN,,,,20,25,99.2,19.2,16.5,80.5,51.5,79.69,87.42,71.92,15.50,40.2,10.2,128534,25.8,,32.5,62.8,198.5,17.2,7.2,68.8,45.8,96.5,48.2,,,,29,,,,,,,,district
208,TIRUCHULI,,VIRUDHUNAGAR,RAMANATHAPURAM,FALSE,General,Southern TN,,,,20,25,99.2,19.2,16.5,80.5,51.5,79.69,87.42,71.92,15.50,40.2,10.2,128534,25.8,,32.5,62.8,198.5,17.2,7.2,68.8,45.8,96.5,48.2,,,,19,,,,,,,,district
209,PARAMAKUDI,,RAMANATHAPURAM,RAMANATHAPURAM,TRUE,SC,Southern TN,,,,25,31,98.5,22.5,18.8,75.8,55.2,78.42,86.23,70.58,15.65,35.2,7.2,88945,38.5,,38.2,55.8,175.8,14.5,7.2,58.2,35.8,93.8,30.8,,,,14,,,,,,,,district
210,TIRUVADANAI,,RAMANATHAPURAM,RAMANATHAPURAM,FALSE,General,Southern TN,,,,25,31,98.5,22.5,18.8,75.8,55.2,78.42,86.23,70.58,15.65,35.2,7.2,88945,38.5,,38.2,55.8,175.8,14.5,7.2,58.2,35.8,93.8,30.8,,,,15,,,,,,,,district
211,RAMANATHAPURAM,,RAMANATHAPURAM,RAMANATHAPURAM,FALSE,General,Southern TN,,,,25,31,98.5,22.5,18.8,75.8,55.2,78.42,86.23,70.58,15.65,35.2,7.2,88945,38.5,,38.2,55.8,175.8,14.5,7.2,58.2,35.8,93.8,30.8,,,,18,,,,,,,,district
212,MUDHUKULATHUR,,RAMANATHAPURAM,RAMANATHAPURAM,FALSE,General,Southern TN,,,,25,31,98.5,22.5,18.8,75.8,55.2,78.42,86.23,70.58,15.65,35.2,7.2,88945,38.5,,38.2,55.8,175.8,14.5,7.2,58.2,35.8,93.8,30.8,,,,21,,,,,,,,district
213,VILATHIKULAM,,THOOTHUKUDI,THOOTHUKKUDI,FALSE,General,Southern TN,,,,20,25,99.2,18.8,16.2,80.8,51.5,84.42,89.85,78.92,10.93,42.5,11.2,142345,22.5,,28.5,68.5,218.5,20.2,6.5,72.5,48.5,97.2,52.5,,,,13,,,,,,,,district
214,THOOTHUKKUDI,,THOOTHUKUDI,THOOTHUKKUDI,FALSE,General,Southern TN,,,,20,25,99.2,18.8,16.2,80.8,51.5,84.42,89.85,78.92,10.93,42.5,11.2,142345,22.5,,28.5,68.5,218.5,20.2,6.5,72.5,48.5,97.2,52.5,,,,25,,,,,,,,district
215,TIRUCHENDUR,,THOOTHUKUDI,THOOTHUKKUDI,FALSE,General,Southern TN,,,,20,25,99.2,18.8,16.2,80.8,51.5,84.42,89.85,78.92,10.93,42.5,11.2,142345,22.5,,28.5,68.5,218.5,20.2,6.5,72.5,48.5,97.2,52.5,,,,15,,,,,,,,district
216,SRIVAIKUNTAM,,THOOTHUKUDI,THOOTHUKKUDI,FALSE,General,Southern TN,,,,20,25,99.2,18.8,16.2,80.8,51.5,84.42,89.85,78.92,10.93,42.5,11.2,142345,22.5,,28.5,68.5,218.5,20.2,6.5,72.5,48.5,97.2,52.5,,,,20,,,,,,,,district
217,OTTAPIDARAM,,THOOTHUKUDI,THOOTHUKKUDI,TRUE,SC,Southern TN,,,,20,25,99.2,18.8,16.2,80.8,51.5,84.42,89.85,78.92,10.93,42.5,11.2,142345,22.5,,28.5,68.5,218.5,20.2,6.5,72.5,48.5,97.2,52.5,,,,16,,,,,,,,district
218,KOVILPATTI,,THOOTHUKUDI,THOOTHUKKUDI,FALSE,General,Southern TN,,,,20,25,99.2,18.8,16.2,80.8,51.5,84.42,89.85,78.92,10.93,42.5,11.2,142345,22.5,,28.5,68.5,218.5,20.2,6.5,72.5,48.5,97.2,52.5,,,,25,,,,,,,,district
219,SANKARANKOVIL,,TENKASI,TENKASI,TRUE,SC,Southern TN,,,,22,27,99.0,20.2,17.2,79.2,52.5,77.82,85.45,70.15,15.30,36.5,7.8,98534,32.5,,42.2,58.2,178.2,14.8,7.2,62.5,40.5,95.5,35.8,,,,15,,,,,,,,district
220,VASUDEVANALLUR,,TENKASI,TENKASI,TRUE,SC,Southern TN,,,,22,27,99.0,20.2,17.2,79.2,52.5,77.82,85.45,70.15,15.30,36.5,7.8,98534,32.5,,42.2,58.2,178.2,14.8,7.2,62.5,40.5,95.5,35.8,,,,10,,,,,,,,district
221,KADAYANALLUR,,TENKASI,TENKASI,FALSE,General,Southern TN,,,,22,27,99.0,20.2,17.2,79.2,52.5,77.82,85.45,70.15,15.30,36.5,7.8,98534,32.5,,42.2,58.2,178.2,14.8,7.2,62.5,40.5,95.5,35.8,,,,20,,,,,,,,district
222,TENKASI,,TENKASI,TENKASI,FALSE,General,Southern TN,,,,22,27,99.0,20.2,17.2,79.2,52.5,77.82,85.45,70.15,15.30,36.5,7.8,98534,32.5,,42.2,58.2,178.2,14.8,7.2,62.5,40.5,95.5,35.8,,,,17,,,,,,,,district
223,ALANGULAM,,TENKASI,TENKASI,FALSE,General,Southern TN,,,,22,27,99.0,20.2,17.2,79.2,52.5,77.82,85.45,70.15,15.30,36.5,7.8,98534,32.5,,42.2,58.2,178.2,14.8,7.2,62.5,40.5,95.5,35.8,,,,10,,,,,,,,district
224,TIRUNELVELI,,TIRUNELVELI,TIRUNELVELI,FALSE,General,Southern TN,,,,18,22,99.4,17.5,15.2,82.5,49.8,84.22,89.75,78.62,11.13,44.8,13.2,148534,20.5,,28.2,68.8,225.5,20.8,6.8,75.5,52.5,97.8,58.2,,,,14,,,,,,,,district
225,AMBASAMUDRAM,,TIRUNELVELI,TIRUNELVELI,FALSE,General,Southern TN,,,,18,22,99.4,17.5,15.2,82.5,49.8,84.22,89.75,78.62,11.13,44.8,13.2,148534,20.5,,28.2,68.8,225.5,20.8,6.8,75.5,52.5,97.8,58.2,,,,12,,,,,,,,district
226,PALAYAMKOTTAI,,TIRUNELVELI,TIRUNELVELI,FALSE,General,Southern TN,,,,18,22,99.4,17.5,15.2,82.5,49.8,84.22,89.75,78.62,11.13,44.8,13.2,148534,20.5,,28.2,68.8,225.5,20.8,6.8,75.5,52.5,97.8,58.2,,,,10,,,,,,,,district
227,NANGUNERI,,TIRUNELVELI,TIRUNELVELI,FALSE,General,Southern TN,,,,18,22,99.4,17.5,15.2,82.5,49.8,84.22,89.75,78.62,11.13,44.8,13.2,148534,20.5,,28.2,68.8,225.5,20.8,6.8,75.5,52.5,97.8,58.2,,,,14,,,,,,,,district
228,RADHAPURAM,,TIRUNELVELI,TIRUNELVELI,FALSE,General,Southern TN,,,,18,22,99.4,17.5,15.2,82.5,49.8,84.22,89.75,78.62,11.13,44.8,13.2,148534,20.5,,28.2,68.8,225.5,20.8,6.8,75.5,52.5,97.8,58.2,,,,25,,,,,,,,district
229,KANNIYAKUMARI,,KANNIYAKUMARI,KANNIYAKUMARI,FALSE,General,Southern TN,,,,10,13,99.8,12.5,11.8,90.2,42.5,92.14,94.35,89.95,4.40,55.8,20.5,175234,10.2,,22.5,82.5,185.2,18.5,2.5,88.5,68.2,99.2,78.5,,,,13,,,,,,,,district
230,NAGERCOIL,,KANNIYAKUMARI,KANNIYAKUMARI,FALSE,General,Southern TN,,,,10,13,99.8,12.5,11.8,90.2,42.5,92.14,94.35,89.95,4.40,55.8,20.5,175234,10.2,,22.5,82.5,185.2,18.5,2.5,88.5,68.2,99.2,78.5,,,,14,,,,,,,,district
231,COLACHEL,,KANNIYAKUMARI,KANNIYAKUMARI,FALSE,General,Southern TN,,,,10,13,99.8,12.5,11.8,90.2,42.5,92.14,94.35,89.95,4.40,55.8,20.5,175234,10.2,,22.5,82.5,185.2,18.5,2.5,88.5,68.2,99.2,78.5,,,,12,,,,,,,,district
232,PADMANABHAPURAM,,KANNIYAKUMARI,KANNIYAKUMARI,FALSE,General,Southern TN,,,,10,13,99.8,12.5,11.8,90.2,42.5,92.14,94.35,89.95,4.40,55.8,20.5,175234,10.2,,22.5,82.5,185.2,18.5,2.5,88.5,68.2,99.2,78.5,,,,12,,,,,,,,district
233,VILAVANCODE,,KANNIYAKUMARI,KANNIYAKUMARI,FALSE,General,Southern TN,,,,10,13,99.8,12.5,11.8,90.2,42.5,92.14,94.35,89.95,4.40,55.8,20.5,175234,10.2,,22.5,82.5,185.2,18.5,2.5,88.5,68.2,99.2,78.5,,,,15,,,,,,,,district
234,KILLIYOOR,,KANNIYAKUMARI,KANNIYAKUMARI,FALSE,General,Southern TN,,,,10,13,99.8,12.5,11.8,90.2,42.5,92.14,94.35,89.95,4.40,55.8,20.5,175234,10.2,,22.5,82.5,185.2,18.5,2.5,88.5,68.2,99.2,78.5,,,,14,,,,,,,,district
